chat_id,time,user_query,response
1001,2023-10-01 09:00:00,"Hi, are you online?","Yes, I am here and ready to help. How can I assist you today?"
1002,2023-10-01 09:05:00,"I'm looking for some help with code today. By the way, my name is Alex.","Nice to meet you, Alex. What kind of coding problem are you working on?"
1003,2023-10-01 09:15:00,"I'm trying to debug a Python script. I work as a Backend Engineer, so I usually handle server-side stuff.",Understood. Python is great for backend engineering. Could you paste the snippet you are having trouble with?
1004,2023-10-01 10:30:00,I'm getting really frustrated with this error. It just won't go away!,I hear your frustration. Debugging can be tough. Let's take a deep breath and look at the error log together.
1005,2023-10-02 08:00:00,"Good morning. I need a coffee recipe. I love dark roast, but I hate adding sugar.","Good morning! Since you enjoy dark roast without sugar, I recommend a pour-over method to highlight the bold notes. Here is a recipe..."
1006,2023-10-02 14:00:00,"I live in Seattle, so it's raining again. It makes me feel a bit gloomy.",Living in Seattle definitely means dealing with rain. I'm sorry to hear you're feeling down. Maybe some upbeat music would help?
1007,2023-10-03 11:00:00,"Can you suggest a lunch spot? Remind you, I am allergic to peanuts.","Noted, no peanuts. What type of cuisine are you in the mood for today?"
1008,2023-10-03 11:05:00,Maybe Thai food?,"Thai food often uses peanuts, but many places can accommodate allergies. Here are three highly-rated Thai places in Seattle known for handling allergies..."
1009,2023-10-04 19:30:00,"I'm super excited! My dog, Rover, just learned a new trick.","That's wonderful news! Good job, Rover. What trick did he learn?"
1010,2023-10-04 20:00:00,He learned to shake hands. I prefer teaching him with positive reinforcement only.,Positive reinforcement is a great training method. It sounds like you and Rover have a great bond.
1011,2023-10-05 09:00:00,"I need to write a script to sort files. Please use Go, I prefer it over Python for system tasks.","Got it. Here is a Go script to sort files in a directory, tailored for system tasks as requested."
1012,2023-10-05 09:10:00,Make the explanation shorter. I prefer concise answers without fluff.,Understood. Here is the concise explanation of the code logic.
1013,2023-10-06 16:45:00,I'm feeling really anxious about my performance review tomorrow.,It's completely normal to feel anxious before a review. Try to focus on the backend projects you successfully delivered this quarter.
1014,2023-10-06 17:00:00,"Thanks. Also, my birthday is coming up on October 15th, so I hope to celebrate after this.",That gives you something to look forward to! Fingers crossed for a good review so you can celebrate your birthday in high spirits.
1015,2023-10-07 10:00:00,What is the capital of France?,The capital of France is Paris.
1016,2023-10-07 12:00:00,"I need a book recommendation. I enjoy Hard Sci-Fi, like 'The Three-Body Problem'.","Since you like Hard Sci-Fi, you might enjoy 'Blindsight' by Peter Watts or 'Children of Time' by Adrian Tchaikovsky."
1017,2023-10-08 22:00:00,I can't sleep. My insomnia is acting up again.,I'm sorry to hear that. Would you like to try a breathing exercise or hear a boring story to help you relax?
1018,2023-10-09 08:30:00,I'm so angry at my internet provider. The connection dropped during a meeting!,"That is incredibly annoying, especially during a work meeting. Have you been able to reconnect?"
1019,2023-10-09 09:00:00,Yeah it's back. Remind me to call them at 5 PM.,"Okay, I have set a reminder for you to call your internet provider at 5 PM today."
1020,2023-10-10 13:00:00,I want to buy a car. I currently drive a 2015 Ford Focus but I want an upgrade.,"Upgrading sounds exciting. Are you looking for a sedan again, or perhaps an SUV or electric vehicle?"
1021,2023-10-10 13:05:00,I'm thinking Electric. I want to be more eco-friendly.,"Going electric is a great choice for the environment. Considering you are in Seattle, there is good charging infrastructure. Have you looked at the Tesla Model 3 or the Hyundai Ioniq 5?"
1022,2023-10-11 15:00:00,Please stop using emojis in your responses. I find them unprofessional.,Understood. I will remove emojis from my future responses to you.
1023,2023-10-12 10:00:00,I'm working on a project using React. Do you know any good libraries for charts?,"Yes, for React, 'Recharts' and 'Chart.js' are very popular and reliable options."
1024,2023-10-12 10:15:00,I'm confused by the documentation for Recharts.,Documentation can be tricky. Which specific component of Recharts is confusing you? I can explain it simply.
1025,2023-10-13 18:00:00,I'm really happy today! My performance review went better than expected.,"That is excellent news, Alex! I am very happy for you. It sounds like your hard work paid off."
1026,2023-10-14 09:00:00,I'm planning a trip. I want to go somewhere warm in December.,That sounds like a good idea to escape the Seattle winter. Hawaii or Mexico are popular choices for December. Do either of those interest you?
1027,2023-10-14 09:10:00,"Hawaii sounds good. But remember, I'm on a budget.","Hawaii can be pricey, but it is doable. We can look for budget-friendly accommodations or travel during off-peak days."
1028,2023-10-15 08:00:00,It's my birthday today!,"Happy Birthday, Alex! I hope you have a fantastic day celebrating."
1029,2023-10-15 20:00:00,I ate too much cake. I regret nothing though.,That sounds like a successful birthday! A little indulgence is what birthdays are for.
1030,2023-10-16 08:00:00,Back to work. Can you summarize our chats about the sorting script from last week?,Certainly. Last week you asked for a file sorting script written in Go because you prefer it for system tasks. I provided a script and a concise explanation.
